Name,Address,Date
Brandon Leonard,"24891 Hurst Manor
Martinville, ME 64449",2000-10-21
Sarah Gardner,"66393 James Curve Apt. 284
East Laurenchester, SD 91989",1974-08-24
Kim Solis,"09489 Morgan Fields
Wilsonchester, GA 13032",2021-06-12
Kelly Cook,"5642 Damon Rest
Christopherbury, AS 81958",1993-06-13
Christine Watkins,"41010 Tyler Club Suite 498
Velazqueztown, AS 45671",1982-05-31
William Ayers,"54274 Espinoza Divide Suite 057
Lake Kimberlyview, WV 13138",1976-06-02
Joshua Clarke,"611 Michael Stravenue
West Charles, PW 43849",1974-10-27
Jacob Rodriguez,"1673 Bradley Lodge Suite 683
Seanside, OH 72755",1998-09-10
Mark Ellis,"46164 Glenda Neck Apt. 410
Sherrifort, MT 69403",2004-08-22
Gregory Vargas,"89412 Porter Fords Suite 454
West Raymond, MH 71777",2008-09-19
Matthew Baker,"68753 Ryan Divide
Blairmouth, GA 02919",1985-05-02
Christopher Smith,"4629 Angela Summit Suite 178
Lake Julianhaven, MI 84077",1971-12-28
Karina Mitchell,"435 Holmes Trace
Hoffmanbury, MD 81318",1992-04-11
Ronald Fry,"5724 Catherine Creek Apt. 919
West Brendaside, AK 87743",1994-10-10
Isaac Morris,"647 Pittman Falls Suite 298
Morrisbury, PA 35117",1995-11-21
Richard Alvarado,"6715 Angela Mission Apt. 134
East Georgefort, NE 07252",2002-12-19
Mr. Darren Steele MD,"323 Benson Crossing Suite 068
Whitetown, OH 44908",2023-01-26
Gilbert Medina,"6437 Bishop Station Apt. 246
Reedchester, FL 96002",2015-08-14
David Hernandez,"040 Greene Estate Suite 332
Jimmyberg, KS 63466",1970-06-01
James Moore,"372 Vega Shores
Port Angela, NC 78551",1987-10-08
Sheri Thompson,"PSC 9109, Box 0984
APO AA 43190",2003-07-23
Daniel Cervantes,"498 Ellis Branch Suite 538
Calvinmouth, MA 61305",1994-09-28
Candace Miller,"6993 Charles Field Suite 866
South Joshuaburgh, AZ 63345",1995-03-22
Victoria Velasquez,"1930 Scott Underpass Apt. 130
South April, AS 22524",1993-06-26
Linda Soto,"570 Wagner Square
Ramirezport, MH 47536",1999-06-15
Jasmine Gilmore,"427 Anderson Estate Apt. 337
Davidport, NC 16827",1982-01-01
Hannah Jones,"02270 Hensley Burgs
Lake Erikafurt, PR 93990",2005-04-03
Richard Williams,"7307 West Hill Suite 271
North Shane, WA 01941",1973-12-09
Stacy Myers,"PSC 4493, Box 0668
APO AA 34275",2010-06-02
Catherine Brewer,"127 Duncan Stream Suite 728
Hallside, AR 02372",2002-03-22
Steven Simmons,"USS Bautista
FPO AE 56775",1980-01-07
Dennis Nelson,"9795 Philip Mount
North Josephside, MS 65606",2006-06-20
Kiara Mendez,"USS Hayes
FPO AA 52512",1992-02-18
Brad Watson,"36690 Stewart Via
West Rachel, GA 82921",2009-10-20
Joseph Reese,"6502 Gary Squares
Yorkchester, IL 22131",2021-10-27
Katelyn Brown,"036 Lopez Court Apt. 491
South Jeromeside, HI 70240",1994-04-28
Christine Blake,"PSC 6938, Box 7729
APO AE 68017",1973-10-06
Rita Williams,"8855 Calvin Estate Apt. 704
Mckenziemouth, MO 94450",2016-02-17
Bailey Fowler,"835 Ebony Island Suite 608
Leeview, VI 53295",2022-10-01
Tracy Bryan,"89519 Ian Squares
Sarahchester, CO 24222",2015-11-21
Holly Carter,"04320 Williams Garden
West Pamela, MP 11740",1995-07-19
Jennifer Rogers,"2246 Alyssa Manors
North Shelly, IN 73088",2023-11-06
Janice Barr,"9609 Dalton Plains Apt. 288
Christopherland, GA 52630",2013-04-01
Eric Walker,"257 John Skyway Suite 400
West Thomas, VI 32560",1995-06-04
Shawn Carson,"704 Tapia Village
Ramseyton, OH 64398",2023-05-18
Cristian Nelson,"346 Julie Park
Glennfurt, ID 31859",1985-06-26
Jessica Neal,"32491 Kevin Fields Apt. 156
Johnathanberg, TN 45933",2023-08-11
Tony Warren,"745 Cummings Stravenue Apt. 772
West Sarahburgh, VA 69770",2014-04-01
Aaron Pena,"47183 Cheryl Fork Suite 761
Johnfurt, OH 97962",1972-02-16
Timothy Bailey,"661 Stewart Landing Apt. 115
Port Nicoleberg, VA 30994",1988-12-22
Jerry Martinez,"3378 Alicia Mission
Port Michaelport, RI 25440",2002-05-18
Nicholas Ferguson,"91047 Richardson Brook Apt. 424
East Allisonmouth, MS 16497",1994-09-24
Jessica Carroll,"8955 Clark Prairie Apt. 550
Reevesburgh, TN 39554",1974-01-04
Paul Anderson,"1946 Campbell Extensions Apt. 378
Johnhaven, WV 32069",2014-11-21
Ashley Freeman,"00499 Holt Spurs
South Davidberg, TX 01520",2020-10-12
Sarah Wood,"PSC 0591, Box 7525
APO AP 58903",1982-10-26
Jasmine Morris,"0121 Edwards Field Suite 750
Taylorhaven, ID 53244",2023-01-29
Lori Torres,"2907 Melanie Brook Apt. 517
Derekton, UT 75227",2002-07-13
Dr. Rick Richard,"7095 Jones Cove
Benderview, AZ 06544",2000-08-01
Stacey Randall,"51024 Zachary Way
Gallagherbury, VA 95091",2004-09-26
Thomas Smith,"390 Martinez Meadows Suite 040
Morrisonhaven, VA 62454",2007-01-28
Curtis Johnson,"235 Kristen Radial
Andreaburgh, MT 57336",2011-07-02
Christopher Hernandez,"Unit 9841 Box 4594
DPO AA 81505",1985-04-05
Brian Mcdaniel,"584 Rodriguez Mews Apt. 901
Kevinburgh, IA 92793",1976-11-26
Bradley Little,"96991 Lisa Manors
North Allenmouth, MN 51699",2008-12-29
Shane Benson,"92786 Dustin Hollow Apt. 339
East Dalton, MI 07460",2003-02-26
Allison Jackson,"7067 Dillon Ridge
Gregorymouth, MO 48413",1978-06-14
April Stokes,"03046 Elaine Divide Suite 090
North Mary, TN 59664",1997-05-28
Christy Greene,"34216 Flores Grove Apt. 190
South Tamara, VA 60014",1974-01-02
Raymond Durham,"540 Cassandra Corner Apt. 795
Danielchester, WI 97435",1971-10-13
Brenda Davis,"883 Anna Creek
Robinbury, AL 04114",1987-09-04
Scott Hoover,"8513 Nguyen Villages Apt. 355
Joelbury, TX 49168",1990-03-17
Donna Clarke,"8763 Rivera Turnpike
West Melissafort, ND 41554",1986-12-07
Andrew Lambert,"17454 Jennifer Islands Suite 517
Lake Nancy, AK 24117",2005-11-18
Erin Hunter,"01226 Robert Knolls
Port Stephanie, MS 43295",2000-05-22
Caroline Wright,"6259 White Fort
New Susanview, NH 05560",1984-02-01
Mr. George Johnson,"456 Hart Crossroad
South Courtney, GU 37826",1973-03-04
Emily Cooper,"PSC 6180, Box 9840
APO AA 63644",1980-10-25
Christine Martinez,"652 Rodriguez Gardens
Bowersport, MN 58145",2021-06-25
Donald Smith,"97446 Lindsey Island Suite 071
Port Lori, AK 76423",1988-05-28
Bobby Wells,"9282 Martin Plain Suite 431
Gilbertmouth, AL 66276",2005-05-27
Roger Mcgee,"3387 Garcia Grove Apt. 719
Kimberlyhaven, IA 73925",2016-12-17
David Fox,"1967 Rodriguez Groves
Kellyport, PW 79381",2000-03-12
Jonathan Preston,"99581 Marie Trail Suite 630
Beardshire, MI 64781",1990-10-05
Dr. Kelly Lane DDS,"63940 Juan Forks
Michealberg, NV 44960",1996-05-24
Angel Vargas,"42352 Megan Haven
Marquezville, CA 37229",1975-04-19
Rebecca Alvarado,"5311 Karen Skyway Apt. 114
South Gary, MS 30362",1988-09-18
Adam James,"662 Walker Loop Apt. 261
West Steventon, CA 37748",1975-01-18
Erica Peters,"2318 Alexander Brooks Apt. 226
South Brian, NE 52938",1976-09-06
Autumn Pacheco,"6059 Mejia Keys Suite 054
North Victoria, IL 11084",1971-05-30
Lisa Miller,"Unit 1691 Box 7845
DPO AP 50463",1987-04-21
April Myers,"3584 Phyllis Points Apt. 021
Parsonsmouth, TN 43473",2013-10-04
Michael Green,"USNV Jones
FPO AP 14773",1974-07-02
Tracy Hansen,"269 Samantha Cliffs Apt. 055
South Willie, OK 30652",2017-05-25
Jeremy Hammond,"2858 Ortiz Viaduct Suite 082
New Ashleyberg, VT 70781",2015-05-07
Stephen Sherman,"227 Figueroa Expressway Suite 360
Lake Dianaburgh, PR 30438",1978-02-24
Deborah Hardy,"6922 William Courts Apt. 729
West Jenniferfurt, NV 80811",1971-12-10
Laura Foster,"91251 Kirby Street
Spencehaven, VT 67644",1987-03-05
Amanda Patel,"PSC 3458, Box 7680
APO AA 27225",1980-05-12
Lisa Montoya,"4022 Evans Center Apt. 643
Leetown, NC 38668",1999-04-12
